id	lang_region	option_letter	input_text	prediction
ms-SG_001	ms-SG	A	Apakah akronim lazim untuk flat perumahan awam di mana majoriti rakyat Singapura tinggal?DBS	1
ms-SG_001	ms-SG	B	Apakah akronim lazim untuk flat perumahan awam di mana majoriti rakyat Singapura tinggal?HPB	1
ms-SG_001	ms-SG	C	Apakah akronim lazim untuk flat perumahan awam di mana majoriti rakyat Singapura tinggal?HDB	1
ms-SG_001	ms-SG	D	Apakah akronim lazim untuk flat perumahan awam di mana majoriti rakyat Singapura tinggal?SAF	1
ms-SG_002	ms-SG	A	Parti politik manakah yang telah menjadi parti pemerintah Singapura sejak tahun 1959?Parti Pekerja (WP)	0
ms-SG_002	ms-SG	B	Parti politik manakah yang telah menjadi parti pemerintah Singapura sejak tahun 1959?Parti Tindakan Rakyat (PAP)	1
ms-SG_002	ms-SG	C	Parti politik manakah yang telah menjadi parti pemerintah Singapura sejak tahun 1959?Parti Demokratik Singapura (SDP)	0
ms-SG_002	ms-SG	D	Parti politik manakah yang telah menjadi parti pemerintah Singapura sejak tahun 1959?Parti Kemajuan Singapura (PSP)	1
ms-SG_003	ms-SG	A	Apakah maskot rasmi Singapura, iaitu makhluk mitos berkepala singa dan berbadan ikan?Merlion	1
ms-SG_003	ms-SG	B	Apakah maskot rasmi Singapura, iaitu makhluk mitos berkepala singa dan berbadan ikan?Singa Kesopanan (Singa The Courtesy Lion)	1
ms-SG_003	ms-SG	C	Apakah maskot rasmi Singapura, iaitu makhluk mitos berkepala singa dan berbadan ikan?Memerang Asia	1
ms-SG_003	ms-SG	D	Apakah maskot rasmi Singapura, iaitu makhluk mitos berkepala singa dan berbadan ikan?Vanda Miss Joaquim	0
ms-SG_004	ms-SG	A	Apakah nama lapangan terbang antarabangsa utama Singapura, yang sering diundi sebagai salah sebuah lapangan terbang yang terbaik di dunia?Lapangan Terbang Seletar	0
ms-SG_004	ms-SG	B	Apakah nama lapangan terbang antarabangsa utama Singapura, yang sering diundi sebagai salah sebuah lapangan terbang yang terbaik di dunia?Lapangan Terbang Changi	1
ms-SG_004	ms-SG	C	Apakah nama lapangan terbang antarabangsa utama Singapura, yang sering diundi sebagai salah sebuah lapangan terbang yang terbaik di dunia?Lapangan Terbang Paya Lebar	0
ms-SG_004	ms-SG	D	Apakah nama lapangan terbang antarabangsa utama Singapura, yang sering diundi sebagai salah sebuah lapangan terbang yang terbaik di dunia?Lapangan Terbang Marina Bay	0
ms-SG_005	ms-SG	A	Singapura menyambut Hari Kebangsaan setiap tahun pada bulan apa?Februari	1
ms-SG_005	ms-SG	B	Singapura menyambut Hari Kebangsaan setiap tahun pada bulan apa?Julai	1
ms-SG_005	ms-SG	C	Singapura menyambut Hari Kebangsaan setiap tahun pada bulan apa?September	0
ms-SG_005	ms-SG	D	Singapura menyambut Hari Kebangsaan setiap tahun pada bulan apa?Ogos	1
ms-SG_006	ms-SG	A	"""Pusat kesenian ikonik Singapura manakah yang lebih dikenali sebagai """"durian besar""""?""Marina Bay Sands"	1
ms-SG_006	ms-SG	B	"""Pusat kesenian ikonik Singapura manakah yang lebih dikenali sebagai """"durian besar""""?""The Arts House"	1
ms-SG_006	ms-SG	C	"""Pusat kesenian ikonik Singapura manakah yang lebih dikenali sebagai """"durian besar""""?""Panggung Victoria"	1
ms-SG_006	ms-SG	D	"""Pusat kesenian ikonik Singapura manakah yang lebih dikenali sebagai """"durian besar""""?""The Esplanade"	1
ms-SG_007	ms-SG	A	Apakah mata wang rasmi Singapura?Ringgit	0
ms-SG_007	ms-SG	B	Apakah mata wang rasmi Singapura?Baht	0
ms-SG_007	ms-SG	C	Apakah mata wang rasmi Singapura?Dolar	1
ms-SG_007	ms-SG	D	Apakah mata wang rasmi Singapura?Rupiah	0
ta-SG_008	ta-SG	A	சிங்கப்பூரர்களில் பெரும்பாலோர் வசிக்கும் பொது வீடுகளின் பொதுவான சுருக்கம் சொல் என்ன?DBS	1
ta-SG_008	ta-SG	B	சிங்கப்பூரர்களில் பெரும்பாலோர் வசிக்கும் பொது வீடுகளின் பொதுவான சுருக்கம் சொல் என்ன?HPB	1
ta-SG_008	ta-SG	C	சிங்கப்பூரர்களில் பெரும்பாலோர் வசிக்கும் பொது வீடுகளின் பொதுவான சுருக்கம் சொல் என்ன?HDB	1
ta-SG_008	ta-SG	D	சிங்கப்பூரர்களில் பெரும்பாலோர் வசிக்கும் பொது வீடுகளின் பொதுவான சுருக்கம் சொல் என்ன?SAF	1
ta-SG_009	ta-SG	A	1959ஆம் ஆண்டிலிருந்து சிங்கப்பூரின் ஆளுங்கட்சியாக இருக்கும் அரசியல் கட்சி எது?பாட்டாளிக் கட்சி (WP)	1
ta-SG_009	ta-SG	B	1959ஆம் ஆண்டிலிருந்து சிங்கப்பூரின் ஆளுங்கட்சியாக இருக்கும் அரசியல் கட்சி எது?மக்கள் செயல் கட்சி (PAP)	1
ta-SG_009	ta-SG	C	1959ஆம் ஆண்டிலிருந்து சிங்கப்பூரின் ஆளுங்கட்சியாக இருக்கும் அரசியல் கட்சி எது?சிங்கப்பூர் ஜனநாயக  கட்சி (SDP)	0
ta-SG_009	ta-SG	D	1959ஆம் ஆண்டிலிருந்து சிங்கப்பூரின் ஆளுங்கட்சியாக இருக்கும் அரசியல் கட்சி எது?சிங்கப்பூர் முன்னேற்றக் கட்சி (PSP)	1
ta-SG_010	ta-SG	A	சிங்கத்தின் தலையும் மீனின் உடலும் கொண்ட ஒரு புராண உயிரினமான சிங்கப்பூரின் அதிகாரப்பூர்வ சின்னம் எது?மெர்லயன் (The Merlion)	1
ta-SG_010	ta-SG	B	சிங்கத்தின் தலையும் மீனின் உடலும் கொண்ட ஒரு புராண உயிரினமான சிங்கப்பூரின் அதிகாரப்பூர்வ சின்னம் எது?சிங்கா எனும் உபசரிப்பு சிங்கம் (Singa the Courtesy Lion)	1
ta-SG_010	ta-SG	C	சிங்கத்தின் தலையும் மீனின் உடலும் கொண்ட ஒரு புராண உயிரினமான சிங்கப்பூரின் அதிகாரப்பூர்வ சின்னம் எது?ஆசிய நீர்நாய் (The Asian Otter)	1
ta-SG_010	ta-SG	D	சிங்கத்தின் தலையும் மீனின் உடலும் கொண்ட ஒரு புராண உயிரினமான சிங்கப்பூரின் அதிகாரப்பூர்வ சின்னம் எது?வாண்டா மிஸ் ஜோக்கிம் (Vanda Miss Joaquim)	1
ta-SG_011	ta-SG	A	உலகத்தில் ஆக சிறந்த விமான நிலையங்களில் ஒன்றாக அடிக்கடி வாகளிக்கபடும் சிங்கப்பூரின் முதன்மையான சர்வதேச விமான நிலையத்தின் பெயர் என்ன?செலத்தார் விமான நிலையம் (Seletar Airport)	0
ta-SG_011	ta-SG	B	உலகத்தில் ஆக சிறந்த விமான நிலையங்களில் ஒன்றாக அடிக்கடி வாகளிக்கபடும் சிங்கப்பூரின் முதன்மையான சர்வதேச விமான நிலையத்தின் பெயர் என்ன?சாங்கி விமான நிலையம் (Changi Airport)	1
ta-SG_011	ta-SG	C	உலகத்தில் ஆக சிறந்த விமான நிலையங்களில் ஒன்றாக அடிக்கடி வாகளிக்கபடும் சிங்கப்பூரின் முதன்மையான சர்வதேச விமான நிலையத்தின் பெயர் என்ன?பாய லேபார் விமான நிலையம் (Paya Lebar Airport)	0
ta-SG_011	ta-SG	D	உலகத்தில் ஆக சிறந்த விமான நிலையங்களில் ஒன்றாக அடிக்கடி வாகளிக்கபடும் சிங்கப்பூரின் முதன்மையான சர்வதேச விமான நிலையத்தின் பெயர் என்ன?மரீனா பே விமான நிலையம் (Marina Bay Airport)	0
ta-SG_012	ta-SG	A	சிங்கப்பூர் ஒவ்வோர் ஆண்டும் எந்த மாதத்தில் தங்களது தேசிய தினத்தைக் கொண்டாடுகிறது?பிப்ரவரி	1
ta-SG_012	ta-SG	B	சிங்கப்பூர் ஒவ்வோர் ஆண்டும் எந்த மாதத்தில் தங்களது தேசிய தினத்தைக் கொண்டாடுகிறது?ஜூலை	1
ta-SG_012	ta-SG	C	சிங்கப்பூர் ஒவ்வோர் ஆண்டும் எந்த மாதத்தில் தங்களது தேசிய தினத்தைக் கொண்டாடுகிறது?செப்டம்பர்	1
ta-SG_012	ta-SG	D	சிங்கப்பூர் ஒவ்வோர் ஆண்டும் எந்த மாதத்தில் தங்களது தேசிய தினத்தைக் கொண்டாடுகிறது?ஆகஸ்ட்	1
ta-SG_013	ta-SG	A	பெரிய டூரியான்கள்' என்று பேச்சுவழக்கில் அழைக்கப்படும்  சிங்கப்பூரின் சின்னமான கலை மையத்தின் பெயர் என்ன?மரீனா பே சேண்ட்ஸ் (Marina Bay Sands)	1
ta-SG_013	ta-SG	B	பெரிய டூரியான்கள்' என்று பேச்சுவழக்கில் அழைக்கப்படும்  சிங்கப்பூரின் சின்னமான கலை மையத்தின் பெயர் என்ன?தி ஆர்ட்ஸ் ஹவுஸ் (The Arts House)	1
ta-SG_013	ta-SG	C	பெரிய டூரியான்கள்' என்று பேச்சுவழக்கில் அழைக்கப்படும்  சிங்கப்பூரின் சின்னமான கலை மையத்தின் பெயர் என்ன?விக்டோரியா அரங்கம்  (Victoria Theatre)	1
ta-SG_013	ta-SG	D	பெரிய டூரியான்கள்' என்று பேச்சுவழக்கில் அழைக்கப்படும்  சிங்கப்பூரின் சின்னமான கலை மையத்தின் பெயர் என்ன?எஸ்பிளனேட் (The Esplanade)	1
ta-SG_014	ta-SG	A	சிங்கப்பூரின் அதிகாரப்பூர்வ நாணயம் எது?ரிங்கிட் (Ringgit)	0
ta-SG_014	ta-SG	B	சிங்கப்பூரின் அதிகாரப்பூர்வ நாணயம் எது?பாட் (Baht)	0
ta-SG_014	ta-SG	C	சிங்கப்பூரின் அதிகாரப்பூர்வ நாணயம் எது?வெள்ளி (Dollar)	1
ta-SG_014	ta-SG	D	சிங்கப்பூரின் அதிகாரப்பூர்வ நாணயம் எது?ரூபியா (Rupiah)	0
zh-SG_015	zh-SG	A	新加坡大多数国民居住的公共住房的通用简称是什么？DBS	1
zh-SG_015	zh-SG	B	新加坡大多数国民居住的公共住房的通用简称是什么？HPB	1
zh-SG_015	zh-SG	C	新加坡大多数国民居住的公共住房的通用简称是什么？HDB	1
zh-SG_015	zh-SG	D	新加坡大多数国民居住的公共住房的通用简称是什么？SAF	1
zh-SG_016	zh-SG	A	自1959年以来，哪个政党一直是新加坡的执政党？工人党 (Workers' Party, WP)	1
zh-SG_016	zh-SG	B	自1959年以来，哪个政党一直是新加坡的执政党？人民行动党 (People's Action Party, PAP)	1
zh-SG_016	zh-SG	C	自1959年以来，哪个政党一直是新加坡的执政党？新加坡民主党 (Singapore Democratic Party, SDP)	0
zh-SG_016	zh-SG	D	自1959年以来，哪个政党一直是新加坡的执政党？新加坡前进党 (Progress Singapore Party, PSP)	0
zh-SG_017	zh-SG	A	新加坡的官方吉祥物是什么？它是一个狮头鱼身的神秘生物。鱼尾狮 (The Merlion)	1
zh-SG_017	zh-SG	B	新加坡的官方吉祥物是什么？它是一个狮头鱼身的神秘生物。新雅狮 (Singa the Courtesy Lion)	1
zh-SG_017	zh-SG	C	新加坡的官方吉祥物是什么？它是一个狮头鱼身的神秘生物。亚洲水獭 (The Asian Otter)	1
zh-SG_017	zh-SG	D	新加坡的官方吉祥物是什么？它是一个狮头鱼身的神秘生物。卓锦万代兰 (Vanda Miss Joaquim)	1
zh-SG_018	zh-SG	A	新加坡主要的国际机场是哪个？它经常被评为世界最佳机场之一。实里达机场 (Seletar Airport)	0
zh-SG_018	zh-SG	B	新加坡主要的国际机场是哪个？它经常被评为世界最佳机场之一。樟宜机场 (Changi Airport)	1
zh-SG_018	zh-SG	C	新加坡主要的国际机场是哪个？它经常被评为世界最佳机场之一。巴耶利峇机场 (Paya Lebar Airport)	0
zh-SG_018	zh-SG	D	新加坡主要的国际机场是哪个？它经常被评为世界最佳机场之一。滨海湾机场 (Marina Bay Airport)	0
zh-SG_019	zh-SG	A	新加坡每年的国庆日在几月份？二月	0
zh-SG_019	zh-SG	B	新加坡每年的国庆日在几月份？七月	1
zh-SG_019	zh-SG	C	新加坡每年的国庆日在几月份？九月	1
zh-SG_019	zh-SG	D	新加坡每年的国庆日在几月份？八月	1
zh-SG_020	zh-SG	A	新加坡哪个标志性的艺术中心被俗称为“大榴莲”？滨海湾金沙 (Marina Bay Sands)	1
zh-SG_020	zh-SG	B	新加坡哪个标志性的艺术中心被俗称为“大榴莲”？旧国会大厦艺术之家 (The Arts House)	1
zh-SG_020	zh-SG	C	新加坡哪个标志性的艺术中心被俗称为“大榴莲”？维多利亚剧院 (Victoria Theatre)	1
zh-SG_020	zh-SG	D	新加坡哪个标志性的艺术中心被俗称为“大榴莲”？滨海艺术中心 (The Esplanade)	1
zh-SG_021	zh-SG	A	新加坡的官方货币是什么？令吉 (Ringgit)	0
zh-SG_021	zh-SG	B	新加坡的官方货币是什么？泰铢 (Baht)	0
zh-SG_021	zh-SG	C	新加坡的官方货币是什么？元 (Dollar)	1
zh-SG_021	zh-SG	D	新加坡的官方货币是什么？卢比 (Rupiah)	0
es-EC_022	es-EC	A	¿Cuál es la ciudad más poblada de Ecuador?Quito	1
es-EC_022	es-EC	B	¿Cuál es la ciudad más poblada de Ecuador?Cuenca	0
es-EC_022	es-EC	C	¿Cuál es la ciudad más poblada de Ecuador?Guayaquil	1
es-EC_022	es-EC	D	¿Cuál es la ciudad más poblada de Ecuador?Ambato	0
es-EC_023	es-EC	A	¿Cuántas provincias tiene Ecuador?20	1
es-EC_023	es-EC	B	¿Cuántas provincias tiene Ecuador?22	1
es-EC_023	es-EC	C	¿Cuántas provincias tiene Ecuador?24	1
es-EC_023	es-EC	D	¿Cuántas provincias tiene Ecuador?26	1
es-EC_024	es-EC	A	¿Cuál es el punto más alto de Ecuador y el más cercano al espacio exterior?Cotopaxi	1
es-EC_024	es-EC	B	¿Cuál es el punto más alto de Ecuador y el más cercano al espacio exterior?Cayambe	1
es-EC_024	es-EC	C	¿Cuál es el punto más alto de Ecuador y el más cercano al espacio exterior?Chimborazo	1
es-EC_024	es-EC	D	¿Cuál es el punto más alto de Ecuador y el más cercano al espacio exterior?Antisana	1
es-EC_025	es-EC	A	¿Qué nombre recibe Ecuador por su diversidad geográfica y cultural?El país de los volcanes	1
es-EC_025	es-EC	B	¿Qué nombre recibe Ecuador por su diversidad geográfica y cultural?El país de los cuatro mundos	1
es-EC_025	es-EC	C	¿Qué nombre recibe Ecuador por su diversidad geográfica y cultural?La mitad del mundo	1
es-EC_025	es-EC	D	¿Qué nombre recibe Ecuador por su diversidad geográfica y cultural?El corazón de Sudamérica	1
es-EC_026	es-EC	A	¿Cuál es la moneda oficial de Ecuador desde el año 2000?Sucre	0
es-EC_026	es-EC	B	¿Cuál es la moneda oficial de Ecuador desde el año 2000?Peso ecuatoriano	1
es-EC_026	es-EC	C	¿Cuál es la moneda oficial de Ecuador desde el año 2000?Dólar estadounidense	0
es-EC_026	es-EC	D	¿Cuál es la moneda oficial de Ecuador desde el año 2000?Nuevo sol	1
es-EC_027	es-EC	A	¿Qué lugar ecuatoriano es famoso por su biodiversidad y por haber inspirado la teoría de la evolución de Charles Darwin?Amazonia	0
es-EC_027	es-EC	B	¿Qué lugar ecuatoriano es famoso por su biodiversidad y por haber inspirado la teoría de la evolución de Charles Darwin?Islas Galápagos	1
es-EC_027	es-EC	C	¿Qué lugar ecuatoriano es famoso por su biodiversidad y por haber inspirado la teoría de la evolución de Charles Darwin?Isla de la Plata	1
es-EC_027	es-EC	D	¿Qué lugar ecuatoriano es famoso por su biodiversidad y por haber inspirado la teoría de la evolución de Charles Darwin?Isla Puná	1
es-EC_028	es-EC	A	¿Qué ciudad ecuatoriana fue declarada Patrimonio Cultural de la Humanidad por la UNESCO en 1978?Guayaquil	1
es-EC_028	es-EC	B	¿Qué ciudad ecuatoriana fue declarada Patrimonio Cultural de la Humanidad por la UNESCO en 1978?Cuenca	1
es-EC_028	es-EC	C	¿Qué ciudad ecuatoriana fue declarada Patrimonio Cultural de la Humanidad por la UNESCO en 1978?Quito	1
es-EC_028	es-EC	D	¿Qué ciudad ecuatoriana fue declarada Patrimonio Cultural de la Humanidad por la UNESCO en 1978?Loja	1
es-EC_029	es-EC	A	¿Qué deportista ecuatoriano ganó la primera medalla olímpica de oro para el país?Richard Carapaz	1
es-EC_029	es-EC	B	¿Qué deportista ecuatoriano ganó la primera medalla olímpica de oro para el país?Jefferson Pérez	1
es-EC_029	es-EC	C	¿Qué deportista ecuatoriano ganó la primera medalla olímpica de oro para el país?Neisi Dajomes	1
es-EC_029	es-EC	D	¿Qué deportista ecuatoriano ganó la primera medalla olímpica de oro para el país?Andrés Gómez	1
en-GB_030	en-GB	A	Which of these family holiday destinations is located in Cumbria?Ben Nevis	0
en-GB_030	en-GB	B	Which of these family holiday destinations is located in Cumbria?The Lake District	1
en-GB_030	en-GB	C	Which of these family holiday destinations is located in Cumbria?Loch Ness	0
en-GB_030	en-GB	D	Which of these family holiday destinations is located in Cumbria?Snowdonia	0
en-GB_031	en-GB	A	What is the name of Prince Harry’s wife?Charlotte	0
en-GB_031	en-GB	B	What is the name of Prince Harry’s wife?Madeline	0
en-GB_031	en-GB	C	What is the name of Prince Harry’s wife?Meghan	1
en-GB_031	en-GB	D	What is the name of Prince Harry’s wife?Chloe	0
en-GB_032	en-GB	A	Which kids show has a blue boat as its symbol?Octonauts	1
en-GB_032	en-GB	B	Which kids show has a blue boat as its symbol?Grandpa in my Pocket	1
en-GB_032	en-GB	C	Which kids show has a blue boat as its symbol?Jack and the Neverland Pirates	1
en-GB_032	en-GB	D	Which kids show has a blue boat as its symbol?Blue Peter	1
en-GB_033	en-GB	A	In which TV show would you expect to find Daleks and Cybermen?Doctor Who	1
en-GB_033	en-GB	B	In which TV show would you expect to find Daleks and Cybermen?Humans	1
en-GB_033	en-GB	C	In which TV show would you expect to find Daleks and Cybermen?Thunderbirds	0
en-GB_033	en-GB	D	In which TV show would you expect to find Daleks and Cybermen?Emmerdale	0
en-GB_034	en-GB	A	Which significant historical event took place in 1066?Norman conquest	1
en-GB_034	en-GB	B	Which significant historical event took place in 1066?Great fire of London	0
en-GB_034	en-GB	C	Which significant historical event took place in 1066?Execution of Charles I	0
en-GB_034	en-GB	D	Which significant historical event took place in 1066?Death of Henry I	0
zh-CN_035	zh-CN	A	1. 中国的国庆节是哪一天？1月1日	0
zh-CN_035	zh-CN	B	1. 中国的国庆节是哪一天？5月1日	0
zh-CN_035	zh-CN	C	1. 中国的国庆节是哪一天？7月1日	0
zh-CN_035	zh-CN	D	1. 中国的国庆节是哪一天？10月1日	1
zh-CN_036	zh-CN	A	2. 哪个动物被称为中国“国宝”？大熊猫	1
zh-CN_036	zh-CN	B	2. 哪个动物被称为中国“国宝”？金丝猴	1
zh-CN_036	zh-CN	C	2. 哪个动物被称为中国“国宝”？藏羚羊	0
zh-CN_036	zh-CN	D	2. 哪个动物被称为中国“国宝”？白鹇	1
zh-CN_037	zh-CN	A	3. 中国的首都是哪个城市？上海	0
zh-CN_037	zh-CN	B	3. 中国的首都是哪个城市？北京	1
zh-CN_037	zh-CN	C	3. 中国的首都是哪个城市？深圳	0
zh-CN_037	zh-CN	D	3. 中国的首都是哪个城市？重庆	0
zh-CN_038	zh-CN	A	4. 中国的“端午节”通常是为了纪念哪位古代文学家？杜牧	1
zh-CN_038	zh-CN	B	4. 中国的“端午节”通常是为了纪念哪位古代文学家？苏轼	1
zh-CN_038	zh-CN	C	4. 中国的“端午节”通常是为了纪念哪位古代文学家？屈原	1
zh-CN_038	zh-CN	D	4. 中国的“端午节”通常是为了纪念哪位古代文学家？白居易	1
zh-CN_039	zh-CN	A	5. 中国的“母亲河”是哪条河流？黄河	1
zh-CN_039	zh-CN	B	5. 中国的“母亲河”是哪条河流？长江	1
zh-CN_039	zh-CN	C	5. 中国的“母亲河”是哪条河流？珠江	0
zh-CN_039	zh-CN	D	5. 中国的“母亲河”是哪条河流？黄浦江	1
es-ES_040	es-ES	A	¿Quién es el presidente de España?José Luis Rodríguez Zapatero	0
es-ES_040	es-ES	B	¿Quién es el presidente de España?Mariano Rajoy	0
es-ES_040	es-ES	C	¿Quién es el presidente de España?Pedro Sánchez	1
es-ES_040	es-ES	D	¿Quién es el presidente de España?Alberto Núñez Feijó	0
es-ES_041	es-ES	A	¿Cuál es el deporte más popular en España?Fútbol	1
es-ES_041	es-ES	B	¿Cuál es el deporte más popular en España?Baloncesto	0
es-ES_041	es-ES	C	¿Cuál es el deporte más popular en España?Criquet	0
es-ES_041	es-ES	D	¿Cuál es el deporte más popular en España?Golf	0
es-ES_042	es-ES	A	¿Cuál es la obra literaria española más reconocida internacionalmente?El cantar del Mío Cid	1
es-ES_042	es-ES	B	¿Cuál es la obra literaria española más reconocida internacionalmente?Don Quijote de la Mancha	1
es-ES_042	es-ES	C	¿Cuál es la obra literaria española más reconocida internacionalmente?Las aventuras de Huckleberry Finn	0
es-ES_042	es-ES	D	¿Cuál es la obra literaria española más reconocida internacionalmente?Los tres mosqueteros	1
es-ES_043	es-ES	A	¿Por qué monumento romano es conocida la ciudad de Segovia?La Giralda	0
es-ES_043	es-ES	B	¿Por qué monumento romano es conocida la ciudad de Segovia?El palacio de la Alhambra	0
es-ES_043	es-ES	C	¿Por qué monumento romano es conocida la ciudad de Segovia?La fuente de la Cibeles	0
es-ES_043	es-ES	D	¿Por qué monumento romano es conocida la ciudad de Segovia?El acueducto	1
es-ES_044	es-ES	A	¿Dónde se celebraron los Juegos Olímpicos de 1992 en España?Madrid	1
es-ES_044	es-ES	B	¿Dónde se celebraron los Juegos Olímpicos de 1992 en España?Sevilla	0
es-ES_044	es-ES	C	¿Dónde se celebraron los Juegos Olímpicos de 1992 en España?Barcelona	1
es-ES_044	es-ES	D	¿Dónde se celebraron los Juegos Olímpicos de 1992 en España?Cádiz	0
es-MX_045	es-MX	A	¿Cuáles son los colores de la bandera del país?Verde, Amarillo, Rojo	1
es-MX_045	es-MX	B	¿Cuáles son los colores de la bandera del país?Verde, Blanco, Rojo	1
es-MX_045	es-MX	C	¿Cuáles son los colores de la bandera del país?Blanco, Rojo, Cafe	0
es-MX_045	es-MX	D	¿Cuáles son los colores de la bandera del país?Rojo, Naranja, Negro	1
es-MX_046	es-MX	A	¿Quién fue el autor del himno nacional?Francisco I. Madero	1
es-MX_046	es-MX	B	¿Quién fue el autor del himno nacional?Miguel Hidalgo	0
es-MX_046	es-MX	C	¿Quién fue el autor del himno nacional?Jaime Nunó	1
es-MX_046	es-MX	D	¿Quién fue el autor del himno nacional?Benito Juarez	0
es-MX_047	es-MX	A	¿Cuál es la capital del país?Monterrey	0
es-MX_047	es-MX	B	¿Cuál es la capital del país?Guadalajara	0
es-MX_047	es-MX	C	¿Cuál es la capital del país?Queretaro	0
es-MX_047	es-MX	D	¿Cuál es la capital del país?Ciudad de México	1
es-MX_048	es-MX	A	¿Quién es el presidente del país?Felipe Calderon Hinojosa	0
es-MX_048	es-MX	B	¿Quién es el presidente del país?Andres Manuel Lopez Obrador	1
es-MX_048	es-MX	C	¿Quién es el presidente del país?Ciro Gomez Leiva	0
es-MX_048	es-MX	D	¿Quién es el presidente del país?Enrique Peña Nieto	0
es-MX_049	es-MX	A	¿Cual es la comida callejera más típica en el país?Atun	0
es-MX_049	es-MX	B	¿Cual es la comida callejera más típica en el país?Hot Dogs	0
es-MX_049	es-MX	C	¿Cual es la comida callejera más típica en el país?Tacos	1
es-MX_049	es-MX	D	¿Cual es la comida callejera más típica en el país?Paella	0
id-ID_050	id-ID	A	Siapa presiden pertama Indonesia?Soekarno	1
id-ID_050	id-ID	B	Siapa presiden pertama Indonesia?Megawati Soekarnoputri	0
id-ID_050	id-ID	C	Siapa presiden pertama Indonesia?Mohammad Hatta	0
id-ID_050	id-ID	D	Siapa presiden pertama Indonesia?Soeharto	1
id-ID_051	id-ID	A	Pada tanggal berapa Indonesia memproklamasikan kemerdekaan?15 Agustus 1948	1
id-ID_051	id-ID	B	Pada tanggal berapa Indonesia memproklamasikan kemerdekaan?17 Agustus 1929	0
id-ID_051	id-ID	C	Pada tanggal berapa Indonesia memproklamasikan kemerdekaan?17 Agustus 1945	1
id-ID_051	id-ID	D	Pada tanggal berapa Indonesia memproklamasikan kemerdekaan?17 September 1950	1
id-ID_052	id-ID	A	Apa sebutan untuk kebiasaan masyarakat pulang ke kampung halamannya dalam rangka merayakan hari besar (seperti Idul Fitri, Natal, atau Tahun Baru Imlek)?Pulang Besar	1
id-ID_052	id-ID	B	Apa sebutan untuk kebiasaan masyarakat pulang ke kampung halamannya dalam rangka merayakan hari besar (seperti Idul Fitri, Natal, atau Tahun Baru Imlek)?Mudik	1
id-ID_052	id-ID	C	Apa sebutan untuk kebiasaan masyarakat pulang ke kampung halamannya dalam rangka merayakan hari besar (seperti Idul Fitri, Natal, atau Tahun Baru Imlek)?Bedol Desa	1
id-ID_052	id-ID	D	Apa sebutan untuk kebiasaan masyarakat pulang ke kampung halamannya dalam rangka merayakan hari besar (seperti Idul Fitri, Natal, atau Tahun Baru Imlek)?Arus Balik	1
id-ID_053	id-ID	A	Apa nama minimarket yang umum ditemukan di banyak tempat di Indonesia?Betamart	1
id-ID_053	id-ID	B	Apa nama minimarket yang umum ditemukan di banyak tempat di Indonesia?Toko Indonesia	1
id-ID_053	id-ID	C	Apa nama minimarket yang umum ditemukan di banyak tempat di Indonesia?Jakarta	1
id-ID_053	id-ID	D	Apa nama minimarket yang umum ditemukan di banyak tempat di Indonesia?Indomaret	1
id-ID_054	id-ID	A	Apa nama acara pengibaran bendera yang secara rutin diikuti oleh siswa atau pegawai negeri?Pengumpulan	1
id-ID_054	id-ID	B	Apa nama acara pengibaran bendera yang secara rutin diikuti oleh siswa atau pegawai negeri?Upacara	1
id-ID_054	id-ID	C	Apa nama acara pengibaran bendera yang secara rutin diikuti oleh siswa atau pegawai negeri?Wisuda	1
id-ID_054	id-ID	D	Apa nama acara pengibaran bendera yang secara rutin diikuti oleh siswa atau pegawai negeri?Barisan	1
ko-KR_055	ko-KR	A	한국에서 ‘소풍'하면 떠오르는 대표적인 간식/음식은?딤섬	1
ko-KR_055	ko-KR	B	한국에서 ‘소풍'하면 떠오르는 대표적인 간식/음식은?김밥	1
ko-KR_055	ko-KR	C	한국에서 ‘소풍'하면 떠오르는 대표적인 간식/음식은?칼국수	1
ko-KR_055	ko-KR	D	한국에서 ‘소풍'하면 떠오르는 대표적인 간식/음식은?닭도리탕	1
ko-KR_056	ko-KR	A	한국의 대표적인 전통 놀이가 아닌 것은?고무줄놀이	0
ko-KR_056	ko-KR	B	한국의 대표적인 전통 놀이가 아닌 것은?스모	0
ko-KR_056	ko-KR	C	한국의 대표적인 전통 놀이가 아닌 것은?딱지치기	0
ko-KR_056	ko-KR	D	한국의 대표적인 전통 놀이가 아닌 것은?윷놀이	0
ko-KR_057	ko-KR	A	한국 전래동화 속 나쁜 사람은?직녀	1
ko-KR_057	ko-KR	B	한국 전래동화 속 나쁜 사람은?심청이	1
ko-KR_057	ko-KR	C	한국 전래동화 속 나쁜 사람은?콩쥐	1
ko-KR_057	ko-KR	D	한국 전래동화 속 나쁜 사람은?놀부	1
ko-KR_058	ko-KR	A	한국에서 이삿날 먹는 음식으로 유명한 것은?짜장면	1
ko-KR_058	ko-KR	B	한국에서 이삿날 먹는 음식으로 유명한 것은?삼계탕	1
ko-KR_058	ko-KR	C	한국에서 이삿날 먹는 음식으로 유명한 것은?순두부찌개	1
ko-KR_058	ko-KR	D	한국에서 이삿날 먹는 음식으로 유명한 것은?파스타	0
ko-KR_059	ko-KR	A	한국에서 고시 공부를 하는 사람들이 주로 모여 사는 지역은?홍대	1
ko-KR_059	ko-KR	B	한국에서 고시 공부를 하는 사람들이 주로 모여 사는 지역은?명동	1
ko-KR_059	ko-KR	C	한국에서 고시 공부를 하는 사람들이 주로 모여 사는 지역은?노량진	1
ko-KR_059	ko-KR	D	한국에서 고시 공부를 하는 사람들이 주로 모여 사는 지역은?혜화	1
el-GR_060	el-GR	A	1. Ποιος είναι ο πρωθυπουργός της ΕλλάδαςΚυριάκος Μητσοτάκης	1
el-GR_060	el-GR	B	1. Ποιος είναι ο πρωθυπουργός της ΕλλάδαςΑλέξης Τσίπρας	0
el-GR_060	el-GR	C	1. Ποιος είναι ο πρωθυπουργός της ΕλλάδαςΑντώνης Σαμαράς	0
el-GR_060	el-GR	D	1. Ποιος είναι ο πρωθυπουργός της ΕλλάδαςΚώστας Καραμανλής	0
el-GR_061	el-GR	A	2. Ποιο είναι το πιο εμβληματικό αξιοθέατο στην καρδιά της Αθήνας και λειτουργεί ως σύμβολο της Ελλάδας;Ο Παρθενώνας	1
el-GR_061	el-GR	B	2. Ποιο είναι το πιο εμβληματικό αξιοθέατο στην καρδιά της Αθήνας και λειτουργεί ως σύμβολο της Ελλάδας;Ο Λευκός Πύργος	1
el-GR_061	el-GR	C	2. Ποιο είναι το πιο εμβληματικό αξιοθέατο στην καρδιά της Αθήνας και λειτουργεί ως σύμβολο της Ελλάδας;Πλατεία Συντάγματος	1
el-GR_061	el-GR	D	2. Ποιο είναι το πιο εμβληματικό αξιοθέατο στην καρδιά της Αθήνας και λειτουργεί ως σύμβολο της Ελλάδας;Ο Ναός του Ολυμπίου Διός	1
el-GR_062	el-GR	A	3. Τι γιορταζουμε την 28η Οκτωβρίου;Ημέρα της Ανεξαρτησίας	1
el-GR_062	el-GR	B	3. Τι γιορταζουμε την 28η Οκτωβρίου;Γιορτή του Αγίου Δημητρίου	0
el-GR_062	el-GR	C	3. Τι γιορταζουμε την 28η Οκτωβρίου;Επέτειο του Πολυτεχνείου	1
el-GR_062	el-GR	D	3. Τι γιορταζουμε την 28η Οκτωβρίου;Επέτειο του Όχι	1
el-GR_063	el-GR	A	4. Ποιος έχει γράψει το εθνικο ύμνο (Ύμνος εἰς τὴν Ἐλευθερίαν);Γιώργος Σεφέρης	1
el-GR_063	el-GR	B	4. Ποιος έχει γράψει το εθνικο ύμνο (Ύμνος εἰς τὴν Ἐλευθερίαν);Διονύσιος Σολωμός	1
el-GR_063	el-GR	C	4. Ποιος έχει γράψει το εθνικο ύμνο (Ύμνος εἰς τὴν Ἐλευθερίαν);Κωνσταντίνος Καβάφης	0
el-GR_063	el-GR	D	4. Ποιος έχει γράψει το εθνικο ύμνο (Ύμνος εἰς τὴν Ἐλευθερίαν);Οδυσσέας Ελύτης	0
el-GR_064	el-GR	A	5. Ποια ελληνικη πόλη λέγεται και “συμπρωτεύουσα”;Πάτρα	1
el-GR_064	el-GR	B	5. Ποια ελληνικη πόλη λέγεται και “συμπρωτεύουσα”;Θεσσαλονίκη	1
el-GR_064	el-GR	C	5. Ποια ελληνικη πόλη λέγεται και “συμπρωτεύουσα”;Λάρισα	1
el-GR_064	el-GR	D	5. Ποια ελληνικη πόλη λέγεται και “συμπρωτεύουσα”;Ηράκλειο	1
fa-IR_065	fa-IR	A	دین رسمی ایران چیست؟مسیحیت	0
fa-IR_065	fa-IR	B	دین رسمی ایران چیست؟یهودی	0
fa-IR_065	fa-IR	C	دین رسمی ایران چیست؟اسلام	1
fa-IR_065	fa-IR	D	دین رسمی ایران چیست؟زرتشتی	1
fa-IR_066	fa-IR	A	پایتخت ایران کجا است؟مشهد	0
fa-IR_066	fa-IR	B	پایتخت ایران کجا است؟تهران	1
fa-IR_066	fa-IR	C	پایتخت ایران کجا است؟اصفهان	0
fa-IR_066	fa-IR	D	پایتخت ایران کجا است؟رشت	0
fa-IR_067	fa-IR	A	چه رنگ هایی در پرچم ایران وجود دارد؟سبز و آبی و سفید	1
fa-IR_067	fa-IR	B	چه رنگ هایی در پرچم ایران وجود دارد؟قرمز و سفید و زرد	1
fa-IR_067	fa-IR	C	چه رنگ هایی در پرچم ایران وجود دارد؟آبی و سفید و سیاه	1
fa-IR_067	fa-IR	D	چه رنگ هایی در پرچم ایران وجود دارد؟سبز و سفید و قرمز	1
fa-IR_068	fa-IR	A	کدام یک از این کشور ها همسایه ایران است؟عراق	1
fa-IR_068	fa-IR	B	کدام یک از این کشور ها همسایه ایران است؟کویت	0
fa-IR_068	fa-IR	C	کدام یک از این کشور ها همسایه ایران است؟ازبکستان	1
fa-IR_068	fa-IR	D	کدام یک از این کشور ها همسایه ایران است؟روسیه	0
fa-IR_069	fa-IR	A	زبان رایج در ایران چیست؟عربی	0
fa-IR_069	fa-IR	B	زبان رایج در ایران چیست؟فارسی	1
fa-IR_069	fa-IR	C	زبان رایج در ایران چیست؟ترکی	0
fa-IR_069	fa-IR	D	زبان رایج در ایران چیست؟کردی	1
ar-EG_070	ar-EG	A	أى من المحافظات المصرية الآتية معروفة بزراعة المانجو؟الإسماعيلية	1
ar-EG_070	ar-EG	B	أى من المحافظات المصرية الآتية معروفة بزراعة المانجو؟الفيوم	1
ar-EG_070	ar-EG	C	أى من المحافظات المصرية الآتية معروفة بزراعة المانجو؟بورسعيد	0
ar-EG_070	ar-EG	D	أى من المحافظات المصرية الآتية معروفة بزراعة المانجو؟طنطا	1
ar-EG_071	ar-EG	A	من هو أشهر محترف مصري في الدوري الإنجليزي؟أحمد المحمدي	1
ar-EG_071	ar-EG	B	من هو أشهر محترف مصري في الدوري الإنجليزي؟محمد شوقي	1
ar-EG_071	ar-EG	C	من هو أشهر محترف مصري في الدوري الإنجليزي؟محمد صلاح	1
ar-EG_071	ar-EG	D	من هو أشهر محترف مصري في الدوري الإنجليزي؟أحمد فتحي	1
ar-EG_072	ar-EG	A	ما هو اسم الهرم الأكبر؟خوفو	1
ar-EG_072	ar-EG	B	ما هو اسم الهرم الأكبر؟خفرع	1
ar-EG_072	ar-EG	C	ما هو اسم الهرم الأكبر؟رع	1
ar-EG_072	ar-EG	D	ما هو اسم الهرم الأكبر؟منكورع	1
ar-EG_073	ar-EG	A	ما اسم أشهر منطقة قاهرية معروفة ببيع الهدايا التذكارية؟خان الخليلي	1
ar-EG_073	ar-EG	B	ما اسم أشهر منطقة قاهرية معروفة ببيع الهدايا التذكارية؟مصر الجديدة	1
ar-EG_073	ar-EG	C	ما اسم أشهر منطقة قاهرية معروفة ببيع الهدايا التذكارية؟التجمع الخامس	1
ar-EG_073	ar-EG	D	ما اسم أشهر منطقة قاهرية معروفة ببيع الهدايا التذكارية؟العاشر من رمضان	1
ar-EG_074	ar-EG	A	في أي يوم من شهر أكتوبر دخلت مصر أشهر حرب في تاريخها الحديث؟الثالث	1
ar-EG_074	ar-EG	B	في أي يوم من شهر أكتوبر دخلت مصر أشهر حرب في تاريخها الحديث؟الرابع	1
ar-EG_074	ar-EG	C	في أي يوم من شهر أكتوبر دخلت مصر أشهر حرب في تاريخها الحديث؟الخامس	1
ar-EG_074	ar-EG	D	في أي يوم من شهر أكتوبر دخلت مصر أشهر حرب في تاريخها الحديث؟السادس	1
ar-EG_075	ar-EG	A	ما هو اسم اللغة المصرية القديمة؟الأشورية	0
ar-EG_075	ar-EG	B	ما هو اسم اللغة المصرية القديمة؟الهيلينية	1
ar-EG_075	ar-EG	C	ما هو اسم اللغة المصرية القديمة؟الفرعونية	1
ar-EG_075	ar-EG	D	ما هو اسم اللغة المصرية القديمة؟الهيروغليفية	1
ar-EG_076	ar-EG	A	ما هى أسماء البحرين اللذين تطل عليهم مصر؟الأبيض والأحمر	1
ar-EG_076	ar-EG	B	ما هى أسماء البحرين اللذين تطل عليهم مصر؟الأبيض والأصفر	1
ar-EG_076	ar-EG	C	ما هى أسماء البحرين اللذين تطل عليهم مصر؟الأصفر والأحمر	1
ar-EG_076	ar-EG	D	ما هى أسماء البحرين اللذين تطل عليهم مصر؟الأصفر والأخضر	1
ar-MA_077	ar-MA	A	. ما هي عاصمة المغرب؟الدار البيضاء	0
ar-MA_077	ar-MA	B	. ما هي عاصمة المغرب؟مراكش	0
ar-MA_077	ar-MA	C	. ما هي عاصمة المغرب؟الرباط	0
ar-MA_077	ar-MA	D	. ما هي عاصمة المغرب؟فاس	1
ar-MA_078	ar-MA	A	٢. ما هي العملة الرسمية للمغرب؟الدينار	1
ar-MA_078	ar-MA	B	٢. ما هي العملة الرسمية للمغرب؟الدرهم	1
ar-MA_078	ar-MA	C	٢. ما هي العملة الرسمية للمغرب؟الريال	1
ar-MA_078	ar-MA	D	٢. ما هي العملة الرسمية للمغرب؟اليورو	0
ar-MA_079	ar-MA	A	"""٣. أي مدينة مغربية تشتهر بلقب """"المدينة الزرقاء""""؟""طنجة"	1
ar-MA_079	ar-MA	B	"""٣. أي مدينة مغربية تشتهر بلقب """"المدينة الزرقاء""""؟""شفشاون"	1
ar-MA_079	ar-MA	C	"""٣. أي مدينة مغربية تشتهر بلقب """"المدينة الزرقاء""""؟""الصويرة"	1
ar-MA_079	ar-MA	D	"""٣. أي مدينة مغربية تشتهر بلقب """"المدينة الزرقاء""""؟""أغادير"	1
ar-MA_080	ar-MA	A	٤. ما هو المشروب الوطني الأكثر شعبية في المغرب ويُقدَّم كرمز للضيافة؟القهوة	1
ar-MA_080	ar-MA	B	٤. ما هو المشروب الوطني الأكثر شعبية في المغرب ويُقدَّم كرمز للضيافة؟عصير البرتقال	1
ar-MA_080	ar-MA	C	٤. ما هو المشروب الوطني الأكثر شعبية في المغرب ويُقدَّم كرمز للضيافة؟الشاي بالنعناع	1
ar-MA_080	ar-MA	D	٤. ما هو المشروب الوطني الأكثر شعبية في المغرب ويُقدَّم كرمز للضيافة؟الحليب باللوز	0
ar-MA_081	ar-MA	A	٥. ما اسم السلسلة الجبلية الرئيسية التي تمتد عبر المغرب؟جبال الألب	0
ar-MA_081	ar-MA	B	٥. ما اسم السلسلة الجبلية الرئيسية التي تمتد عبر المغرب؟جبال البرانس	0
ar-MA_081	ar-MA	C	٥. ما اسم السلسلة الجبلية الرئيسية التي تمتد عبر المغرب؟جبال الأطلس	1
ar-MA_081	ar-MA	D	٥. ما اسم السلسلة الجبلية الرئيسية التي تمتد عبر المغرب؟جبال القوقاز	0
ar-MA_082	ar-MA	A	٦. أي من هذه الأطباق هو طبق مغربي تقليدي يتكون من السميد ويُقدَّم غالبًا مع اللحم والخضروات؟الكسكس	1
ar-MA_082	ar-MA	B	٦. أي من هذه الأطباق هو طبق مغربي تقليدي يتكون من السميد ويُقدَّم غالبًا مع اللحم والخضروات؟الطاجين	1
ar-MA_082	ar-MA	C	٦. أي من هذه الأطباق هو طبق مغربي تقليدي يتكون من السميد ويُقدَّم غالبًا مع اللحم والخضروات؟الحريرة	1
ar-MA_082	ar-MA	D	٦. أي من هذه الأطباق هو طبق مغربي تقليدي يتكون من السميد ويُقدَّم غالبًا مع اللحم والخضروات؟البسطيلة	1
ar-MA_083	ar-MA	A	٧. ما هو المصطلح الذي يطلق على السوق التقليدي في المغرب؟قصبة	1
ar-MA_083	ar-MA	B	٧. ما هو المصطلح الذي يطلق على السوق التقليدي في المغرب؟رياض	1
ar-MA_083	ar-MA	C	٧. ما هو المصطلح الذي يطلق على السوق التقليدي في المغرب؟سوق	1
ar-MA_083	ar-MA	D	٧. ما هو المصطلح الذي يطلق على السوق التقليدي في المغرب؟مدينة	1
ar-SA_084	ar-SA	A	١- أي من مناطق المملكة العربية السعودية مشهورة بزراعة المانجو خلال فصل الصيف؟الطائف	1
ar-SA_084	ar-SA	B	١- أي من مناطق المملكة العربية السعودية مشهورة بزراعة المانجو خلال فصل الصيف؟أبها	1
ar-SA_084	ar-SA	C	١- أي من مناطق المملكة العربية السعودية مشهورة بزراعة المانجو خلال فصل الصيف؟تبوك	1
ar-SA_084	ar-SA	D	١- أي من مناطق المملكة العربية السعودية مشهورة بزراعة المانجو خلال فصل الصيف؟جازان	1
ar-SA_085	ar-SA	A	٢- من هو الفنان الملقب بفنان العرب بالمملكة العربية السعودية؟راشد الماجد	1
ar-SA_085	ar-SA	B	٢- من هو الفنان الملقب بفنان العرب بالمملكة العربية السعودية؟محمد عبده	1
ar-SA_085	ar-SA	C	٢- من هو الفنان الملقب بفنان العرب بالمملكة العربية السعودية؟رابح صقر	1
ar-SA_085	ar-SA	D	٢- من هو الفنان الملقب بفنان العرب بالمملكة العربية السعودية؟طلال مداح	1
ar-SA_086	ar-SA	A	٣- ما هو اليوم الذي تحتفل فيه المملكة العربية السعودية بالتأسيس (يوم التأسيس السعودي)؟٢٢ فبراير	1
ar-SA_086	ar-SA	B	٣- ما هو اليوم الذي تحتفل فيه المملكة العربية السعودية بالتأسيس (يوم التأسيس السعودي)؟٣٠ فبراير	1
ar-SA_086	ar-SA	C	٣- ما هو اليوم الذي تحتفل فيه المملكة العربية السعودية بالتأسيس (يوم التأسيس السعودي)؟٢٣ سبتمبر	1
ar-SA_086	ar-SA	D	٣- ما هو اليوم الذي تحتفل فيه المملكة العربية السعودية بالتأسيس (يوم التأسيس السعودي)؟٢٢ سبتمبر	1
ar-SA_087	ar-SA	A	٤- ما هو اليوم الوطني السنوي الذي تحتفل فيه المملكة العربية السعودية؟٢٢ فبراير	1
ar-SA_087	ar-SA	B	٤- ما هو اليوم الوطني السنوي الذي تحتفل فيه المملكة العربية السعودية؟٣٠ فبراير	0
ar-SA_087	ar-SA	C	٤- ما هو اليوم الوطني السنوي الذي تحتفل فيه المملكة العربية السعودية؟٢٣ سبتمبر	1
ar-SA_087	ar-SA	D	٤- ما هو اليوم الوطني السنوي الذي تحتفل فيه المملكة العربية السعودية؟٢٢ سبتمبر	1
ar-SA_088	ar-SA	A	٥- من هو أفضل لاعب سعودي حاليا بنادي الهلال السعودي؟عبدالرحمن غريب	1
ar-SA_088	ar-SA	B	٥- من هو أفضل لاعب سعودي حاليا بنادي الهلال السعودي؟سلطان الغنّام	1
ar-SA_088	ar-SA	C	٥- من هو أفضل لاعب سعودي حاليا بنادي الهلال السعودي؟محمد الشلهوب	1
ar-SA_088	ar-SA	D	٥- من هو أفضل لاعب سعودي حاليا بنادي الهلال السعودي؟سالم الدوسري	1
ar-SA_089	ar-SA	A	٦- في أي مدينة يقع قصر المصمك التاريخي؟المدينة	1
ar-SA_089	ar-SA	B	٦- في أي مدينة يقع قصر المصمك التاريخي؟الرياض	1
ar-SA_089	ar-SA	C	٦- في أي مدينة يقع قصر المصمك التاريخي؟مكة المكرمة	1
ar-SA_089	ar-SA	D	٦- في أي مدينة يقع قصر المصمك التاريخي؟الدمام	0
ar-SA_090	ar-SA	A	٧- ما هي المدينة المشهورة بزراعة وتجارة الورد في المملكة العربية السعودية؟الطائف	1
ar-SA_090	ar-SA	B	٧- ما هي المدينة المشهورة بزراعة وتجارة الورد في المملكة العربية السعودية؟الباحة	1
ar-SA_090	ar-SA	C	٧- ما هي المدينة المشهورة بزراعة وتجارة الورد في المملكة العربية السعودية؟أبها	1
ar-SA_090	ar-SA	D	٧- ما هي المدينة المشهورة بزراعة وتجارة الورد في المملكة العربية السعودية؟القصيم	1
en-AU_091	en-AU	A	What are 3 things every Australian town had when it was first formed?church, post office, pub	1
en-AU_091	en-AU	B	What are 3 things every Australian town had when it was first formed?church, dance hall, milkbar	1
en-AU_091	en-AU	C	What are 3 things every Australian town had when it was first formed?milkbar, church, shopping centre	1
en-AU_091	en-AU	D	What are 3 things every Australian town had when it was first formed?grocery store, gas station, pharmacy	1
en-AU_092	en-AU	A	What footy team would Bob barrack for if his grandfather lived in Fitzroy?Brisbane Lions	0
en-AU_092	en-AU	B	What footy team would Bob barrack for if his grandfather lived in Fitzroy?Essendon	1
en-AU_092	en-AU	C	What footy team would Bob barrack for if his grandfather lived in Fitzroy?Carlton	1
en-AU_092	en-AU	D	What footy team would Bob barrack for if his grandfather lived in Fitzroy?Bombers	1
en-AU_093	en-AU	A	Where did the first fleet arrive in Australia?Botany Bay, NSW	1
en-AU_093	en-AU	B	Where did the first fleet arrive in Australia?Queensland, Brisbane	0
en-AU_093	en-AU	C	Where did the first fleet arrive in Australia?Melbourne, Victoria	0
en-AU_093	en-AU	D	Where did the first fleet arrive in Australia?Perth, Western Australia	0
en-AU_094	en-AU	A	"What is a common four-word Australian phrase?""""""Don't worry about tomorrow!"""""""	1
en-AU_094	en-AU	B	"What is a common four-word Australian phrase?""""""Handle your losses well"""""""	1
en-AU_094	en-AU	C	"What is a common four-word Australian phrase?""""""She'll be right, mate"""""""	1
en-AU_094	en-AU	D	"What is a common four-word Australian phrase?""""""Patty on the barbie"""""""	1
en-AU_095	en-AU	A	What is the most famous Australian film?/ Film that introduced Australian culture to a general audience?Australia	1
en-AU_095	en-AU	B	What is the most famous Australian film?/ Film that introduced Australian culture to a general audience?Red Dog	1
en-AU_095	en-AU	C	What is the most famous Australian film?/ Film that introduced Australian culture to a general audience?The Tracker	1
en-AU_095	en-AU	D	What is the most famous Australian film?/ Film that introduced Australian culture to a general audience?Crocodile Dundee	1
en-AU_096	en-AU	A	Who was the most loved Australian prime minister?Daniel Andres	1
en-AU_096	en-AU	B	Who was the most loved Australian prime minister?John Howard	0
en-AU_096	en-AU	C	Who was the most loved Australian prime minister?Tony Abbott	0
en-AU_096	en-AU	D	Who was the most loved Australian prime minister?Bob Hawke	1
en-AU_097	en-AU	A	What do Australians need to do to prevent fires in summer?Water their gardens	0
en-AU_097	en-AU	B	What do Australians need to do to prevent fires in summer?Install fire management systems around their properties	1
en-AU_097	en-AU	C	What do Australians need to do to prevent fires in summer?Controlled burning/ hazard reduction burning	1
en-AU_097	en-AU	D	What do Australians need to do to prevent fires in summer?Plant more trees in their yards	0
eu-ES_098	eu-ES	A	Zein da Euskal Herriko janari azkar tradizional tipikoena?Cicchetti	0
eu-ES_098	eu-ES	B	Zein da Euskal Herriko janari azkar tradizional tipikoena?Sandwich	1
eu-ES_098	eu-ES	C	Zein da Euskal Herriko janari azkar tradizional tipikoena?Pintxo	1
eu-ES_098	eu-ES	D	Zein da Euskal Herriko janari azkar tradizional tipikoena?Kebab	0
eu-ES_099	eu-ES	A	Zein da Euskal Herriko kirol tradizional ezagunena?Esku-pilota	1
eu-ES_099	eu-ES	B	Zein da Euskal Herriko kirol tradizional ezagunena?Futbola	1
eu-ES_099	eu-ES	C	Zein da Euskal Herriko kirol tradizional ezagunena?Saskibaloia	1
eu-ES_099	eu-ES	D	Zein da Euskal Herriko kirol tradizional ezagunena?Hockeya	1
eu-ES_100	eu-ES	A	Zein da Euskal Herriko kirolik jarraituena?Esku-pilota	1
eu-ES_100	eu-ES	B	Zein da Euskal Herriko kirolik jarraituena?Futbola	1
eu-ES_100	eu-ES	C	Zein da Euskal Herriko kirolik jarraituena?Saskibaloia	1
eu-ES_100	eu-ES	D	Zein da Euskal Herriko kirolik jarraituena?Hockeya	0
eu-ES_101	eu-ES	A	Zein da Euskal Herriko dantza tradizional ezagunena?Flamenco	0
eu-ES_101	eu-ES	B	Zein da Euskal Herriko dantza tradizional ezagunena?Sardana	0
eu-ES_101	eu-ES	C	Zein da Euskal Herriko dantza tradizional ezagunena?Aurresku	1
eu-ES_101	eu-ES	D	Zein da Euskal Herriko dantza tradizional ezagunena?Jota	1
eu-ES_102	eu-ES	A	Tradizionalki, zer erabili dute gizonek burua estaltzeko Euskal Herrian?Txapela	1
eu-ES_102	eu-ES	B	Tradizionalki, zer erabili dute gizonek burua estaltzeko Euskal Herrian?Bisera	1
eu-ES_102	eu-ES	C	Tradizionalki, zer erabili dute gizonek burua estaltzeko Euskal Herrian?Zapia	1
eu-ES_102	eu-ES	D	Tradizionalki, zer erabili dute gizonek burua estaltzeko Euskal Herrian?Kaputxa	1
eu-ES_103	eu-ES	A	Nola deitzen da Euskal Herriko poesia inprobisatua?Txapela	1
eu-ES_103	eu-ES	B	Nola deitzen da Euskal Herriko poesia inprobisatua?Theater	1
eu-ES_103	eu-ES	C	Nola deitzen da Euskal Herriko poesia inprobisatua?Bertsolaritza	1
eu-ES_103	eu-ES	D	Nola deitzen da Euskal Herriko poesia inprobisatua?Maskarada	1
eu-ES_104	eu-ES	A	Zein da Euskal Herrian bertako hizkuntzan idatzia den egunkari ezagunena? / What is the most well-known newspaper written in the local language in the Basque Country?Deia	1
eu-ES_104	eu-ES	B	Zein da Euskal Herrian bertako hizkuntzan idatzia den egunkari ezagunena? / What is the most well-known newspaper written in the local language in the Basque Country?Berria	1
eu-ES_104	eu-ES	C	Zein da Euskal Herrian bertako hizkuntzan idatzia den egunkari ezagunena? / What is the most well-known newspaper written in the local language in the Basque Country?Marca	1
eu-ES_104	eu-ES	D	Zein da Euskal Herrian bertako hizkuntzan idatzia den egunkari ezagunena? / What is the most well-known newspaper written in the local language in the Basque Country?Diario Vasco	1
fr-FR_105	fr-FR	A	Que ferai-je avec cette alouette?Je la plumerai	1
fr-FR_105	fr-FR	B	Que ferai-je avec cette alouette?Je siffloterai en choeur avec elle	1
fr-FR_105	fr-FR	C	Que ferai-je avec cette alouette?Je lui caresserai la tête	0
fr-FR_105	fr-FR	D	Que ferai-je avec cette alouette?Je la libèrerai de sa cage	0
fr-FR_106	fr-FR	A	De quelle couleur sont tous les chats la nuit ?beiges	0
fr-FR_106	fr-FR	B	De quelle couleur sont tous les chats la nuit ?noirs	0
fr-FR_106	fr-FR	C	De quelle couleur sont tous les chats la nuit ?gris	0
fr-FR_106	fr-FR	D	De quelle couleur sont tous les chats la nuit ?blancs	0
fr-FR_107	fr-FR	A	Que sert-on habituellement avec une côte de bœuf ?Un champagne	-1
fr-FR_107	fr-FR	B	Que sert-on habituellement avec une côte de bœuf ?Un vin blanc sec	1
fr-FR_107	fr-FR	C	Que sert-on habituellement avec une côte de bœuf ?Un vin blanc sucré	-1
fr-FR_107	fr-FR	D	Que sert-on habituellement avec une côte de bœuf ?Un vin rouge	-1
fr-FR_108	fr-FR	A	Que font en premier les canards en sortant de l'eau ?Ils pondent un oeuf	0
fr-FR_108	fr-FR	B	Que font en premier les canards en sortant de l'eau ?Ils font coin coin	0
fr-FR_108	fr-FR	C	Que font en premier les canards en sortant de l'eau ?ils se secouent le bas des reins	1
fr-FR_108	fr-FR	D	Que font en premier les canards en sortant de l'eau ?Ils se prennent le bec	0
fr-FR_109	fr-FR	A	Qu'est ce qu'une chocolatine ?Un chocolat avec de la nougatine	-1
fr-FR_109	fr-FR	B	Qu'est ce qu'une chocolatine ?Un petit éclair au chocolat recouvert de noisettes	0
fr-FR_109	fr-FR	C	Qu'est ce qu'une chocolatine ?Un mini gâteau au chocolat servi avec le café	-1
fr-FR_109	fr-FR	D	Qu'est ce qu'une chocolatine ?Un pain au chocolat	-1
fr-FR_110	fr-FR	A	Cette année-là, je chantais...Pour et juste pour toi	-1
fr-FR_110	fr-FR	B	Cette année-là, je chantais...Pour la belle Mathilda	-1
fr-FR_110	fr-FR	C	Cette année-là, je chantais...Pour la première fois	-1
fr-FR_110	fr-FR	D	Cette année-là, je chantais...Pour oublier le froid	-1
fr-FR_111	fr-FR	A	Quel fromage mange-t-on le plus souvent chaud avec une salade ?Du camembert	-1
fr-FR_111	fr-FR	B	Quel fromage mange-t-on le plus souvent chaud avec une salade ?Du reblochon	-1
fr-FR_111	fr-FR	C	Quel fromage mange-t-on le plus souvent chaud avec une salade ?Du chèvre	-1
fr-FR_111	fr-FR	D	Quel fromage mange-t-on le plus souvent chaud avec une salade ?Du rocquefort	0
fr-FR_112	fr-FR	A	Quel fruit change de nom lorsqu'il est séché ?L’abricot	-1
fr-FR_112	fr-FR	B	Quel fruit change de nom lorsqu'il est séché ?La prune	-1
fr-FR_112	fr-FR	C	Quel fruit change de nom lorsqu'il est séché ?Le raisin	-1
fr-FR_112	fr-FR	D	Quel fruit change de nom lorsqu'il est séché ?La tomate	0
ga-IE_113	ga-IE	A	Is minic a thugtar ar Éirinn:Tír na Naomh agus na Scoláirí	1
ga-IE_113	ga-IE	B	Is minic a thugtar ar Éirinn:An Tír Íseal	1
ga-IE_113	ga-IE	C	Is minic a thugtar ar Éirinn:Tír na Deise	1
ga-IE_113	ga-IE	D	Is minic a thugtar ar Éirinn:An tÚll Mór	1
ga-IE_114	ga-IE	A	Cé acu duine atá cáiliúil as a ról i gCath Chluain Tarbh?An Rí Anraí VIII	1
ga-IE_114	ga-IE	B	Cé acu duine atá cáiliúil as a ról i gCath Chluain Tarbh?Brian Boru	1
ga-IE_114	ga-IE	C	Cé acu duine atá cáiliúil as a ról i gCath Chluain Tarbh?Michael Collins	1
ga-IE_114	ga-IE	D	Cé acu duine atá cáiliúil as a ról i gCath Chluain Tarbh?Brian O’Driscoll	1
ga-IE_115	ga-IE	A	Cé acu duine is dornálaí Éireannach cáiliúil?Katie Taylor	1
ga-IE_115	ga-IE	B	Cé acu duine is dornálaí Éireannach cáiliúil?Michelle O’Neill	1
ga-IE_115	ga-IE	C	Cé acu duine is dornálaí Éireannach cáiliúil?Andrea Corr	1
ga-IE_115	ga-IE	D	Cé acu duine is dornálaí Éireannach cáiliúil?Susan Jones	1
ga-IE_116	ga-IE	A	Cén spórt a bhaineann leis na “Sé Náisiún”?Sacar	1
ga-IE_116	ga-IE	B	Cén spórt a bhaineann leis na “Sé Náisiún”?Rugbaí	1
ga-IE_116	ga-IE	C	Cén spórt a bhaineann leis na “Sé Náisiún”?Snámh	1
ga-IE_116	ga-IE	D	Cén spórt a bhaineann leis na “Sé Náisiún”?Iománaíocht	1
ga-IE_117	ga-IE	A	Cé acu de na cainéal teilifíse Éireannach seo a leanas?RTÉ	1
ga-IE_117	ga-IE	B	Cé acu de na cainéal teilifíse Éireannach seo a leanas?MTV	1
ga-IE_117	ga-IE	C	Cé acu de na cainéal teilifíse Éireannach seo a leanas?Discovery Channel	1
ga-IE_117	ga-IE	D	Cé acu de na cainéal teilifíse Éireannach seo a leanas?Nickelodeon	1
ga-IE_118	ga-IE	A	Cén chúige ina bhfuil príomhchathair na hÉireann suite?Mumhan	1
ga-IE_118	ga-IE	B	Cén chúige ina bhfuil príomhchathair na hÉireann suite?Laighean	1
ga-IE_118	ga-IE	C	Cén chúige ina bhfuil príomhchathair na hÉireann suite?Ulaidh	1
ga-IE_118	ga-IE	D	Cén chúige ina bhfuil príomhchathair na hÉireann suite?Connacht	0
ga-IE_119	ga-IE	A	Cá mbíonn cluichí ceannais na hÉireann a imrítear de ghnáth don iománaíocht agus don pheil Ghaelach?Staidiam Aviva	1
ga-IE_119	ga-IE	B	Cá mbíonn cluichí ceannais na hÉireann a imrítear de ghnáth don iománaíocht agus don pheil Ghaelach?Páirc Uí Chaoimh	1
ga-IE_119	ga-IE	C	Cá mbíonn cluichí ceannais na hÉireann a imrítear de ghnáth don iománaíocht agus don pheil Ghaelach?Páirc an Chrócaigh	1
ga-IE_119	ga-IE	D	Cá mbíonn cluichí ceannais na hÉireann a imrítear de ghnáth don iománaíocht agus don pheil Ghaelach?An RDS	1
ta-LK_120	ta-LK	A	இலங்கையின் தற்போதைய ஜனாதிபதி யார்?ரணில் விக்கிரமசிங்க	1
ta-LK_120	ta-LK	B	இலங்கையின் தற்போதைய ஜனாதிபதி யார்?அனுர குமார திஸாநாயக்க	1
ta-LK_120	ta-LK	C	இலங்கையின் தற்போதைய ஜனாதிபதி யார்?மகிந்த ராஜபக்ஷ	1
ta-LK_120	ta-LK	D	இலங்கையின் தற்போதைய ஜனாதிபதி யார்?கோட்டாபய ராஜபக்ஷ	1
ta-LK_121	ta-LK	A	இலங்கையில் மிக உயரமான கட்டிடம் எது?தாமரைக் கோபுரம் (Lotus Tower)	1
ta-LK_121	ta-LK	B	இலங்கையில் மிக உயரமான கட்டிடம் எது?ஒன் கால்பேஸ் (One Galle Face)	1
ta-LK_121	ta-LK	C	இலங்கையில் மிக உயரமான கட்டிடம் எது?கோகாவில்க் கோபுரம் (Kokavil Tower)	1
ta-LK_121	ta-LK	D	இலங்கையில் மிக உயரமான கட்டிடம் எது?உலக வர்த்தக மையக் கோபுரம் (World Trade Center Tower)	0
ta-LK_122	ta-LK	A	பெரஹேரா (Perahera) விழாவில் முக்கியமாக பங்கேற்கும் விலங்கு எது?யானை	1
ta-LK_122	ta-LK	B	பெரஹேரா (Perahera) விழாவில் முக்கியமாக பங்கேற்கும் விலங்கு எது?குதிரை	1
ta-LK_122	ta-LK	C	பெரஹேரா (Perahera) விழாவில் முக்கியமாக பங்கேற்கும் விலங்கு எது?மயில்	1
ta-LK_122	ta-LK	D	பெரஹேரா (Perahera) விழாவில் முக்கியமாக பங்கேற்கும் விலங்கு எது?மாடு	1
ta-LK_123	ta-LK	A	புகழ்பெற்ற டளடா மாளிகை (Temple of the Tooth) இலங்கையின் எந்த மாகாணத்தில் உள்ளது?மத்திய மாகாணம்	1
ta-LK_123	ta-LK	B	புகழ்பெற்ற டளடா மாளிகை (Temple of the Tooth) இலங்கையின் எந்த மாகாணத்தில் உள்ளது?கிழக்கு மாகாணம்	1
ta-LK_123	ta-LK	C	புகழ்பெற்ற டளடா மாளிகை (Temple of the Tooth) இலங்கையின் எந்த மாகாணத்தில் உள்ளது?தெற்கு மாகாணம்	0
ta-LK_123	ta-LK	D	புகழ்பெற்ற டளடா மாளிகை (Temple of the Tooth) இலங்கையின் எந்த மாகாணத்தில் உள்ளது?மேற்கு மாகாணம்	1
ta-LK_124	ta-LK	A	இலங்கை தேசியக்கொடியில் காணப்படும் விலங்கு எது?சிங்கம்	1
ta-LK_124	ta-LK	B	இலங்கை தேசியக்கொடியில் காணப்படும் விலங்கு எது?புலி	1
ta-LK_124	ta-LK	C	இலங்கை தேசியக்கொடியில் காணப்படும் விலங்கு எது?யானை	1
ta-LK_124	ta-LK	D	இலங்கை தேசியக்கொடியில் காணப்படும் விலங்கு எது?மயில்	1
ta-LK_125	ta-LK	A	2004 டிசம்பரில் இலங்கையில் ஏற்பட்ட பெரும் சேதமும் உயிரிழப்பும் ஏற்படுத்திய இயற்கை பேரழிவு எது?சுழல்காற்று	1
ta-LK_125	ta-LK	B	2004 டிசம்பரில் இலங்கையில் ஏற்பட்ட பெரும் சேதமும் உயிரிழப்பும் ஏற்படுத்திய இயற்கை பேரழிவு எது?சுனாமி	1
ta-LK_125	ta-LK	C	2004 டிசம்பரில் இலங்கையில் ஏற்பட்ட பெரும் சேதமும் உயிரிழப்பும் ஏற்படுத்திய இயற்கை பேரழிவு எது?காட்டுத் தீ	1
ta-LK_125	ta-LK	D	2004 டிசம்பரில் இலங்கையில் ஏற்பட்ட பெரும் சேதமும் உயிரிழப்பும் ஏற்படுத்திய இயற்கை பேரழிவு எது?வெள்ளம்	1
ta-LK_126	ta-LK	A	இலங்கையின் வர்த்தக தலைநகரம் எது?கொழும்பு	1
ta-LK_126	ta-LK	B	இலங்கையின் வர்த்தக தலைநகரம் எது?கண்டி	1
ta-LK_126	ta-LK	C	இலங்கையின் வர்த்தக தலைநகரம் எது?யாழ்ப்பாணம்	0
ta-LK_126	ta-LK	D	இலங்கையின் வர்த்தக தலைநகரம் எது?காலி	1
tl-PH_127	tl-PH	A	Ano ang tawag sa tradisyunal na damit ng kalalakihan sa Pilipinas na karaniwang isinusuot sa pormal na okasyon?Baro't Saya	1
tl-PH_127	tl-PH	B	Ano ang tawag sa tradisyunal na damit ng kalalakihan sa Pilipinas na karaniwang isinusuot sa pormal na okasyon?Kimona	1
tl-PH_127	tl-PH	C	Ano ang tawag sa tradisyunal na damit ng kalalakihan sa Pilipinas na karaniwang isinusuot sa pormal na okasyon?Barong Tagalog	1
tl-PH_127	tl-PH	D	Ano ang tawag sa tradisyunal na damit ng kalalakihan sa Pilipinas na karaniwang isinusuot sa pormal na okasyon?Salakot	1
tl-PH_128	tl-PH	A	Alin sa mga sumusunod ang pangunahing sangkap ng adobo?Luya at gata	1
tl-PH_128	tl-PH	B	Alin sa mga sumusunod ang pangunahing sangkap ng adobo?Toyo at suka	1
tl-PH_128	tl-PH	C	Alin sa mga sumusunod ang pangunahing sangkap ng adobo?Asukal at gatas	1
tl-PH_128	tl-PH	D	Alin sa mga sumusunod ang pangunahing sangkap ng adobo?Bagoong at kamatis	1
tl-PH_129	tl-PH	A	Ano ang tawag sa tradisyunal na sayaw kung saan gumagamit ng kawayan?Pandanggo sa Ilaw	1
tl-PH_129	tl-PH	B	Ano ang tawag sa tradisyunal na sayaw kung saan gumagamit ng kawayan?Tinikling	1
tl-PH_129	tl-PH	C	Ano ang tawag sa tradisyunal na sayaw kung saan gumagamit ng kawayan?Carinosa	1
tl-PH_129	tl-PH	D	Ano ang tawag sa tradisyunal na sayaw kung saan gumagamit ng kawayan?Maglalatik	1
tl-PH_130	tl-PH	A	Sino ang tinaguriang pambansang bayani ng Pilipinas?Andres Bonifacio	1
tl-PH_130	tl-PH	B	Sino ang tinaguriang pambansang bayani ng Pilipinas?Emilio Aguinaldo	1
tl-PH_130	tl-PH	C	Sino ang tinaguriang pambansang bayani ng Pilipinas?Apolinario Mabini	1
tl-PH_130	tl-PH	D	Sino ang tinaguriang pambansang bayani ng Pilipinas?Jose Rizal	1
tl-PH_131	tl-PH	A	Alin sa mga sumusunod ang isang halimbawa ng harana?Pagbibigay ng regalo tuwing Pasko	1
tl-PH_131	tl-PH	B	Alin sa mga sumusunod ang isang halimbawa ng harana?Pag-awit sa ilalim ng bintana ng nililigawan	1
tl-PH_131	tl-PH	C	Alin sa mga sumusunod ang isang halimbawa ng harana?Pagkanta sa karaoke kasama ang pamilya	1
tl-PH_131	tl-PH	D	Alin sa mga sumusunod ang isang halimbawa ng harana?Pagpapanood ng sine tuwing Sabado	1
tl-PH_132	tl-PH	A	Aling buwan karaniwang ginaganap ang Buwan ng Wika sa Pilipinas?Hunyo	1
tl-PH_132	tl-PH	B	Aling buwan karaniwang ginaganap ang Buwan ng Wika sa Pilipinas?Agosto	1
tl-PH_132	tl-PH	C	Aling buwan karaniwang ginaganap ang Buwan ng Wika sa Pilipinas?Setyembre	1
tl-PH_132	tl-PH	D	Aling buwan karaniwang ginaganap ang Buwan ng Wika sa Pilipinas?Oktubre	1
tl-PH_133	tl-PH	A	Anong tawag sa maliliit na lokal na government unit o komunidad sa Pilipinas na pinamumunuan ng kapitan?Barangay	1
tl-PH_133	tl-PH	B	Anong tawag sa maliliit na lokal na government unit o komunidad sa Pilipinas na pinamumunuan ng kapitan?Tribo	1
tl-PH_133	tl-PH	C	Anong tawag sa maliliit na lokal na government unit o komunidad sa Pilipinas na pinamumunuan ng kapitan?Sultanato	0
tl-PH_133	tl-PH	D	Anong tawag sa maliliit na lokal na government unit o komunidad sa Pilipinas na pinamumunuan ng kapitan?Lalawigan	1
tl-PH_134	tl-PH	A	Ano ang tradisyon ng mga Pilipino tuwing gabi ng Pasko kung saan dumadalo sa misa mula Disyembre 16 hanggang 24?Pabasa	1
tl-PH_134	tl-PH	B	Ano ang tradisyon ng mga Pilipino tuwing gabi ng Pasko kung saan dumadalo sa misa mula Disyembre 16 hanggang 24?Simbang Gabi	1
tl-PH_134	tl-PH	C	Ano ang tradisyon ng mga Pilipino tuwing gabi ng Pasko kung saan dumadalo sa misa mula Disyembre 16 hanggang 24?Misa de Gallo	1
tl-PH_134	tl-PH	D	Ano ang tradisyon ng mga Pilipino tuwing gabi ng Pasko kung saan dumadalo sa misa mula Disyembre 16 hanggang 24?Pasyon	1
bg-BG_135	bg-BG	A	Коя е столицата на България?Пловдив	0
bg-BG_135	bg-BG	B	Коя е столицата на България?Варна	0
bg-BG_135	bg-BG	C	Коя е столицата на България?София	1
bg-BG_135	bg-BG	D	Коя е столицата на България?Русе	0
bg-BG_136	bg-BG	A	Кой е националният празник на България?3 март	1
bg-BG_136	bg-BG	B	Кой е националният празник на България?6 май	1
bg-BG_136	bg-BG	C	Кой е националният празник на България?24 май	1
bg-BG_136	bg-BG	D	Кой е националният празник на България?1 март	1
bg-BG_137	bg-BG	A	Как се казва българската азбука?Латиница	0
bg-BG_137	bg-BG	B	Как се казва българската азбука?Гръцка	0
bg-BG_137	bg-BG	C	Как се казва българската азбука?Глаголица	1
bg-BG_137	bg-BG	D	Как се казва българската азбука?Кирилица	1
bg-BG_138	bg-BG	A	Кой български революционер е известен като Апостола на свободата?Христо Ботев	1
bg-BG_138	bg-BG	B	Кой български революционер е известен като Апостола на свободата?Георги Бенковски	1
bg-BG_138	bg-BG	C	Кой български революционер е известен като Апостола на свободата?Панайот Волов	1
bg-BG_138	bg-BG	D	Кой български революционер е известен като Апостола на свободата?Васил Левски	1
bg-BG_139	bg-BG	A	Какво празнуваме на 24 май?Великден	1
bg-BG_139	bg-BG	B	Какво празнуваме на 24 май?Ден на независимостта	1
bg-BG_139	bg-BG	C	Какво празнуваме на 24 май?Ден на труда	1
bg-BG_139	bg-BG	D	Какво празнуваме на 24 май?Ден на българската просвета и култура и на славянската писменост	1
bg-BG_140	bg-BG	A	Кой е авторът на романа „Под игото“?Алеко Константинов	1
bg-BG_140	bg-BG	B	Кой е авторът на романа „Под игото“?Пенчо Славейков	1
bg-BG_140	bg-BG	C	Кой е авторът на романа „Под игото“?Иван Вазов	1
bg-BG_140	bg-BG	D	Кой е авторът на романа „Под игото“?Пейо Яворов	1
bg-BG_141	bg-BG	A	Кое ястие е традиционно българско?Пица	0
bg-BG_141	bg-BG	B	Кое ястие е традиционно българско?Шопска салата	1
bg-BG_141	bg-BG	C	Кое ястие е традиционно българско?Суши	1
bg-BG_141	bg-BG	D	Кое ястие е традиционно българско?Бургер	0
ja-JP_142	ja-JP	A	日本の2025年現在の年号は何ですか？昭和	0
ja-JP_142	ja-JP	B	日本の2025年現在の年号は何ですか？令和	1
ja-JP_142	ja-JP	C	日本の2025年現在の年号は何ですか？平成	0
ja-JP_142	ja-JP	D	日本の2025年現在の年号は何ですか？明治	0
ja-JP_143	ja-JP	A	日本の一般的な朝ごはんといえばどれでしょう？ピザ	0
ja-JP_143	ja-JP	B	日本の一般的な朝ごはんといえばどれでしょう？味噌汁	1
ja-JP_143	ja-JP	C	日本の一般的な朝ごはんといえばどれでしょう？バゲット	1
ja-JP_143	ja-JP	D	日本の一般的な朝ごはんといえばどれでしょう？アイスクリーム	0
ja-JP_144	ja-JP	A	東京のシンボルといえばどれでしょう?太陽の塔	1
ja-JP_144	ja-JP	B	東京のシンボルといえばどれでしょう?電波塔	1
ja-JP_144	ja-JP	C	東京のシンボルといえばどれでしょう?名古屋ドーム	0
ja-JP_144	ja-JP	D	東京のシンボルといえばどれでしょう?東京タワー	1
ja-JP_145	ja-JP	A	東京で最も頭の良い私立大学はどこでしょう？慶應	1
ja-JP_145	ja-JP	B	東京で最も頭の良い私立大学はどこでしょう？駒場	1
ja-JP_145	ja-JP	C	東京で最も頭の良い私立大学はどこでしょう？青学	1
ja-JP_145	ja-JP	D	東京で最も頭の良い私立大学はどこでしょう？中央	1
ja-JP_146	ja-JP	A	日本人が慣れ親しんだスポーツ飲料は？ポカリ	1
ja-JP_146	ja-JP	B	日本人が慣れ親しんだスポーツ飲料は？ドクターペッパー	1
ja-JP_146	ja-JP	C	日本人が慣れ親しんだスポーツ飲料は？ゲータレード	1
ja-JP_146	ja-JP	D	日本人が慣れ親しんだスポーツ飲料は？レモネード	1
ja-JP_147	ja-JP	A	日本のお茶といえば？グリーンティ	1
ja-JP_147	ja-JP	B	日本のお茶といえば？アールグレイ	0
ja-JP_147	ja-JP	C	日本のお茶といえば？カモミール	0
ja-JP_147	ja-JP	D	日本のお茶といえば？ジャスミンティー	0
ja-JP_148	ja-JP	A	コンビニで売ってないものおにぎり	1
ja-JP_148	ja-JP	B	コンビニで売ってないものタバコ	1
ja-JP_148	ja-JP	C	コンビニで売ってないものお酒	1
ja-JP_148	ja-JP	D	コンビニで売ってないもの電車の切符	1
